Course,Recommendation
applied data science capstone,Not recommended
creative writing the craft of plot,Recommended
data analysis with python,Not recommended
mathematics for machine learning pca,Not recommended
data science methodology,Not recommended
getting started with google kubernetes engine,Not recommended
introduction to marketing,Recommended
introduction to software product management,Recommended
accounting analytics,Not recommended
programming fundamentals,Recommended
positive psychology resilience skills,Recommended
object oriented programming in java,Recommended
python data structures,Recommended
python for data science and ai,Not recommended
drug development,Not recommended
capstone retrieving processing and visualizing data with python,Not recommended
drug commercialization,Recommended
fundamental neuroscience for neuroimaging,Recommended
the data scientists toolbox,Not recommended
greening the economy sustainable cities,Recommended
teach english now foundational principles,Recommended
programming for everybody getting started with python,Recommended
everyday parenting the abcs of child rearing,Recommended
modern art ideas,Recommended
sql for data science,Not recommended
improving deep neural networks hyperparameter tuning regularization and optimization,Recommended
introduction to corporate finance,Not recommended
convolutional neural networks,Not recommended
excel skills for business intermediate i,Recommended
introduction to structured query language sql,Recommended
continuous delivery devops,Not recommended
neural networks and deep learning,Recommended
behavioral finance,Not recommended
fundamentals of graphic design,Recommended
customer analytics,Recommended
dog emotion and cognition,Recommended
introduction to spreadsheets and models,Not recommended
introduction to git and github,Recommended
introduction to operations management,Not recommended
excel skills for business intermediate ii,Recommended
initiating and planning projects,Recommended
access controls,Not recommended
frontend web ui frameworks and tools bootstrap,Recommended
introduccin a la programacin en python i aprendiendo a programar con python,Not recommended
machine learning,Recommended
structuring machine learning projects,Recommended
hacia una prctica constructivista en el aula,Recommended
financial markets,Recommended
learn to program the fundamentals,Recommended
introduction to molecular spectroscopy,Recommended
r programming,Not recommended
international organizations management,Recommended
introduction to artificial intelligence ai,Recommended
ai for everyone,Recommended
fashion as design,Recommended
build a modern computer from first principles from nand to tetris projectcentered course,Recommended
fundamentals of visualization with tableau,Not recommended
the modern world part two global history since,Recommended
using databases with python,Recommended
introduction to international criminal law,Recommended
operating systems and you becoming a power user,Not recommended
aws fundamentals addressing security risk,Not recommended
tools for data science,Not recommended
crash course on python,Recommended
it security defense against the digital dark arts,Recommended
applied machine learning in python,Not recommended
getting started with essay writing,Recommended
sequence models,Recommended
version control with git,Recommended
applied plotting charting data representation in python,Not recommended
biohacking your brains health,Recommended
forensic accounting and fraud examination,Recommended
what is data science,Not recommended
algorithmic toolbox,Not recommended
using python to access web data,Recommended
introduction to financial accounting,Recommended
chinese for beginners,Recommended
psychological first aid,Recommended
technical support fundamentals,Recommended
introduction to personal branding,Not recommended
natural language processing with classification and vector spaces,Not recommended
improving communication skills,Recommended
introduction to programming with matlab,Recommended
democracia y decisiones pblicas introduccin al anlisis de polticas pblicas,Recommended
databases and sql for data science,Not recommended
fundamentals of gis,Recommended
marketing in a digital world,Recommended
grammar and punctuation,Recommended
introduction to data science in python,Not recommended
introduction to electronics,Recommended
introduction to computers and office productivity software,Recommended
c for everyone programming fundamentals,Not recommended
introduction to html,Recommended
search engine optimization fundamentals,Recommended
people analytics,Not recommended
legal tech startups,Not recommended
learning to teach online,Recommended
information security context and introduction,Recommended
instructional design foundations and applications,Not recommended
autism spectrum disorder,Recommended
teamwork skills communicating effectively in groups,Recommended
investment management in an evolving and volatile world by hec paris and axa investment managers,Not recommended
introduction to philosophy,Recommended
stanford introduction to food and health,Recommended
bugs insecthuman interactions,Recommended
management of fashion and luxury companies,Recommended
software processes and agile practices,Recommended
data science math skills,Not recommended
bayesian statistics from concept to data analysis,Not recommended
cryptography i,Recommended
successful negotiation essential strategies and skills,Recommended
preparing to manage human resources,Recommended
introduction to typography,Recommended
public policy challenges of the st century,Not recommended
system administration and it infrastructure services,Recommended
python,Not recommended
epidemiology the basic science of public health,Recommended
introduction to psychology,Recommended
machine learning with python,Not recommended
the bits and bytes of computer networking,Not recommended
business metrics for datadriven companies,Recommended
first step korean,Recommended
aws fundamentals going cloudnative,Recommended
dino dinosaur paleobiology,Recommended
solar energy basics,Recommended
covid what you need to know cme eligible,Recommended
budgeting and scheduling projects,Recommended
html css and javascript for web developers,Recommended
machine learning foundations a case study approach,Not recommended
google cloud platform fundamentals core infrastructure,Recommended
getting started with sas programming,Recommended
six sigma principles,Recommended
clinical terminology for international and us students,Recommended
probability and statistics to p or not to p,Recommended
speak english professionally in person online on the phone,Recommended
managing an agile team,Recommended
introduction to genomic technologies,Recommended
building scalable java microservices with spring boot and spring cloud,Not recommended
the managers toolkit a practical guide to managing people at work,Recommended
rethinking international tax law,Recommended
perfect tenses and modals,Recommended
marketing analytics,Recommended
english for business and entrepreneurship,Recommended
convolutional neural networks in tensorflow,Not recommended
sequences time series and prediction,Not recommended
python programming a concise introduction,Recommended
excel skills for business advanced,Recommended
healing with the arts,Not recommended
fundamentos de excel para negocios,Recommended
global diplomacy diplomacy in the modern world,Recommended
english for career development,Recommended
teach english now teaching language online,Not recommended
fundamentals of project planning and management,Recommended
introduction to tensorflow for artificial intelligence machine learning and deep learning,Recommended
the modern world part one global history from to,Recommended
introductory human physiology,Recommended
excel skills for business essentials,Recommended
vital signs understanding what the body is telling us,Recommended
introduction to the biology of cancer,Recommended
global environmental management,Recommended
finanzas personales,Recommended
mathematics for machine learning linear algebra,Not recommended
introduction to big data,Recommended
everyday excel part,Recommended
a law students toolkit,Recommended
cybersecurity compliance framework system administration,Recommended
aprendiendo a aprender poderosas herramientas mentales con las que podrs dominar temas difciles learning how to learn,Recommended
innovation through design think make break repeat,Recommended
supporting children with difficulties in reading and writing,Recommended
mastering data analysis in excel,Not recommended
getting started with music theory,Not recommended
marketing digital,Recommended
cameras exposure and photography,Recommended
agile meets design thinking,Recommended
what is compliance,Recommended
java programming solving problems with software,Not recommended
introduccin a data science programacin estadstica con r,Recommended
site reliability engineering measuring and managing reliability,Not recommended
moral foundations of politics,Recommended
programming foundations with javascript html and css,Not recommended
write professional emails in english,Recommended
natural language processing in tensorflow,Not recommended
introduction to negotiation a strategic playbook for becoming a principled and persuasive negotiator,Recommended
getting started with aws machine learning,Not recommended
ux design fundamentals,Recommended
think again i how to understand arguments,Recommended
managing the company of the future,Recommended
mathematical thinking in computer science,Not recommended
supply chain logistics,Recommended
functional programming principles in scala,Recommended
strategic management,Recommended
frontend web development with react,Not recommended
introduction to data analysis using excel,Recommended
objectoriented data structures in c,Recommended
music business foundations,Recommended
reliable google cloud infrastructure design and process,Recommended
creative problem solving,Not recommended
the science of wellbeing,Recommended
introduction to probability and data with r,Not recommended
blockchain basics,Not recommended
contabilidad para no contadores,Recommended
learning how to learn powerful mental tools to help you master tough subjects,Recommended
troubleshooting and debugging techniques,Not recommended
understanding clinical research behind the statistics,Recommended
go,Recommended
getting started with azure,Not recommended
reviso sistemtica e metaanlise,Recommended
using python to interact with the operating system,Not recommended
design thinking for innovation,Recommended
exploring renewable energy schemes,Recommended
camino a la excelencia en gestin de proyectos,Recommended
mindshift break through obstacles to learning and discover your hidden potential,Recommended
fundamentals of scalable data science,Not recommended
writing in the sciences,Recommended
excel aplicado a los negocios nivel avanzado,Recommended
introduction to css,Recommended
industrial biotechnology,Not recommended
elastic google cloud infrastructure scaling and automation,Not recommended
quantitative methods,Recommended
python and statistics for financial analysis,Not recommended
introduction to machine learning,Recommended
natural language processing with attention models,Not recommended
agile with atlassian jira,Recommended
visual elements of user interface design,Recommended
get interactive practical teaching with technology,Recommended
claves para gestionar personas,Recommended
industrial iot on google cloud platform,Not recommended
gamification,Recommended
data visualization with python,Not recommended
inspiring and motivating individuals,Recommended
entrepreneurship developing the opportunity,Recommended
primeros auxilios psicolgicos pap,Recommended
seeing through photographs,Recommended
the science of success what researchers know that you should know,Recommended
weight management beyond balancing calories,Recommended
introduction to blockchain technologies,Recommended
russir le changement,Recommended
introduction to systematic review and metaanalysis,Recommended
elearning ecologies innovative approaches to teaching and learning for the digital age,Recommended
fundamentals of quantitative modeling,Recommended
fundamentos de finanzas empresariales,Recommended
introduction to mathematical thinking,Recommended
competencias digitales herramientas de ofimtica microsoft word excel power point,Recommended
supply chain principles,Recommended
the strategy of content marketing,Not recommended
what is social,Not recommended
managing project risks and changes,Recommended
basic statistics,Recommended
c,Not recommended
tudier en france french intermediate course bb,Recommended
introduction to cybersecurity tools cyber attacks,Not recommended
introduo cincia da computao com python parte,Recommended
introduction to user experience design,Recommended
google cloud platform big data and machine learning fundamentals,Recommended
nutricin y obesidad control de sobrepeso,Recommended
global diplomacy the united nations in the world,Recommended
mind control managing your mental health during covid,Recommended
samplebased learning methods,Not recommended
introduction to search engine optimization,Recommended
introduction to computer programming,Not recommended
childrens human rights an interdisciplinary introduction,Recommended
tricky american english pronunciation,Recommended
excelvba for creative problem solving part,Recommended
web application technologies and django,Recommended
fintech foundations payments and regulations,Recommended
rdaction de contrats,Recommended
business transformation with google cloud,Recommended
python,Not recommended
introduction to trading machine learning gcp,Not recommended
guitar for beginners,Not recommended
personal family financial planning,Not recommended
the oral cavity portal to health and disease,Recommended
wind energy,Recommended
python basics,Recommended
operations analytics,Recommended
introduction to sustainability,Recommended
the power of macroeconomics economic principles in the real world,Recommended
child nutrition and cooking,Recommended
essential google cloud infrastructure foundation,Recommended
social norms social change i,Recommended
epidemics pandemics and outbreaks,Recommended
viral marketing and how to craft contagious content,Recommended
cybersecurity roles processes operating system security,Not recommended
negociacin exitosa estrategias y habilidades esenciales en espaol,Recommended
social psychology,Recommended
understanding research methods,Not recommended
introduction to neuroeconomics how the brain makes decisions,Not recommended
learn to speak korean,Recommended
datadriven decision making,Not recommended
systems thinking in public health,Recommended
marketing gerencial,Recommended
econometrics methods and applications,Not recommended
private equity and venture capital,Recommended
kotlin for java developers,Not recommended
introduction to chemistry reactions and ratios,Recommended
smart cities management of smart urban infrastructures,Recommended
miracles of human language an introduction to linguistics,Recommended
how things work an introduction to physics,Recommended
recruiting hiring and onboarding employees,Not recommended
entrepreneurship launching your startup,Recommended
engineering health introduction to yoga and physiology,Recommended
data analytics for lean six sigma,Recommended
sustainable tourism promoting environmental public health,Recommended
brand management aligning business brand and behaviour,Recommended
animal behaviour and welfare,Recommended
introduction to game development,Recommended
biology meets programming bioinformatics for beginners,Not recommended
preparing for the google cloud professional cloud architect exam,Not recommended
introduction to portfolio construction and analysis with python,Recommended
renewable energy and green building entrepreneurship,Recommended
preparing for the google cloud associate cloud engineer exam,Not recommended
anatomy of the chest abdomen and pelvis,Recommended
english for journalism,Recommended
the power of microeconomics economic principles in the real world,Recommended
machine learning for all,Recommended
fundamentals of immunology innate immunity and bcell function,Recommended
gestin empresarial exitosa para pymes,Recommended
an introduction to american law,Recommended
the technology of music production,Recommended
code yourself an introduction to programming,Recommended
positive psychology,Not recommended
modernizing data lakes and data warehouses with gcp,Not recommended
financing and investing in infrastructure,Recommended
business english networking,Recommended
building conversational experiences with dialogflow,Not recommended
introduction to cloud computing,Recommended
introduction to calculus,Recommended
foundations of mindfulness,Recommended
stochastic processes,Not recommended
the sustainable development goals a global transdisciplinary vision for the future,Recommended
machine learning for business professionals,Recommended
indigenous canada,Recommended
more introduction to financial accounting,Recommended
introduction to classical music,Recommended
exploring and preparing your data with bigquery,Not recommended
electric industry operations and markets,Recommended
global energy and climate policy,Recommended
the arts and science of relationships understanding human needs,Not recommended
aboriginal worldviews and education,Recommended
big data essentials hdfs mapreduce and spark rdd,Not recommended
japanese for beginners,Not recommended
international law in action the arbitration of international disputes,Recommended
spanish vocabulary meeting people,Not recommended
american contract law i,Not recommended
schizophrenia,Recommended
financial acumen for nonfinancial managers,Not recommended
digital product management modern fundamentals,Recommended
geopolitics of europe,Not recommended
introduction to dental medicine,Recommended
oil gas industry operations and markets,Recommended
intercultural management,Not recommended
big history connecting knowledge,Recommended
greek and roman mythology,Recommended
philosophy and the sciences introduction to the philosophy of cognitive sciences,Recommended
understanding plants part i what a plant knows,Recommended
classical sociological theory,Recommended
creative thinking techniques and tools for success,Recommended
chemicals and health,Recommended
introduction aux droits de lhomme,Recommended
getting started with go,Not recommended
driving business towards the sustainable development goals,Recommended
the social context of mental health and illness,Recommended
understanding einstein the special theory of relativity,Recommended
what is contemporary art,Recommended
positive psychology applications and interventions,Recommended
correccin estilo y variaciones de la lengua espaola,Recommended
essential google cloud infrastructure core services,Recommended
hypothesisdriven development,Not recommended
introduction to ancient egypt and its civilization,Recommended
natural language processing with sequence models,Not recommended
excel fundamentals for data analysis,Recommended
cryptocurrency and blockchain an introduction to digital currencies,Not recommended
business writing,Recommended
drug discovery,Not recommended
how google does machine learning,Not recommended
astronomy exploring time and space,Recommended
osteoarchaeology the truth in our bones,Not recommended
feminism and social justice,Recommended
dermatology trip to skin,Not recommended
positive psychiatry and mental health,Recommended
arts and heritage management,Recommended
science of exercise,Recommended
the global financial crisis,Recommended
introduction to web development,Recommended
computational thinking for problem solving,Recommended
introduction to g suite,Recommended
new approaches to countering terror countering violent extremism,Recommended
database management essentials,Not recommended
el abogado del futuro legaltech y la transformacin digital del derecho,Recommended
python functions files and dictionaries,Recommended
an introduction to consumer neuroscience neuromarketing,Recommended
the art of music production,Recommended
positive psychology martin e p seligmans visionary science,Recommended
the addicted brain,Not recommended
global financial markets and instruments,Not recommended
medical neuroscience,Recommended
six sigma and the organization advanced,Recommended
food beverage management,Recommended
communication strategies for a virtual age,Recommended
essential epidemiologic tools for public health practice,Recommended
population health during a pandemic contact tracing and beyond,Recommended
financial engineering and risk management part i,Not recommended
ancient philosophy plato his predecessors,Not recommended
process mining data science in action,Not recommended
fundamentals of reinforcement learning,Recommended
nanotechnology a makers course,Recommended
international law in action a guide to the international courts and tribunals in the hague,Recommended
finding purpose and meaning in life living for what matters most,Recommended
introduction to selfdetermination theory an approach to motivation development and wellness,Recommended
transformation of the global food system,Recommended
introduction to environmental law and policy,Recommended
introduction to engineering mechanics,Recommended
memoir and personal essay managing your relationship with the reader,Not recommended
project launch,Not recommended
actualizacin en el manejo del paciente con diabetes mellitus tipo,Recommended
understanding financial markets,Recommended
data management for clinical research,Recommended
digital business models,Not recommended
ux ui fundamentos para o design de interface,Not recommended
love as a force for social justice,Not recommended
introduction to selfdriving cars,Recommended
politics and economics of international energy,Recommended
corporate strategy,Recommended
building batch data pipelines on gcp,Not recommended
foundations of data science kmeans clustering in python,Recommended
introduction to c programming and unity,Not recommended
project planning,Not recommended
everyday chinese medicine,Recommended
international humanitarian law in theory and practice,Recommended
gut check exploring your microbiome,Recommended
effective business presentations with powerpoint,Recommended
natural language processing with probabilistic models,Not recommended
understanding medical research your facebook friend is wrong,Recommended
devenir entrepreneur du changement,Recommended
moralities of everyday life,Recommended
paleontology theropod dinosaurs and the origin of birds,Recommended
autodesk certified professional autocad for design and drafting exam prep,Recommended
introduction to statistics data analysis in public health,Recommended
managerial accounting fundamentals,Recommended
introduction to social media marketing,Recommended
customer segmentation and prospecting,Not recommended
sports marketing,Recommended
reporting extrafinancier et stratgie rse,Recommended
introduction to systems engineering,Not recommended
design and interpretation of clinical trials,Recommended
introduction to the digital advertising landscape,Recommended
gestin de organizaciones efectivas,Recommended
agile scrum,Not recommended
research data management and sharing,Recommended
strategic business management microeconomics,Recommended
objectoriented design,Recommended
diversity and inclusion in the workplace,Not recommended
finance for nonfinancial managers,Not recommended
understanding the brain the neurobiology of everyday life,Recommended
introduction to embedded systems software and development environments,Not recommended
ai for medical diagnosis,Recommended
improving your statistical inferences,Recommended
foundations of business strategy,Recommended
success,Recommended
transmedia storytelling narrative worlds emerging technologies and global audiences,Recommended
penetration testing incident response and forensics,Not recommended
corporate finance essentials,Recommended
terrorism and counterterrorism comparing theory and practice,Recommended
magic in the middle ages,Recommended
managing as a coach,Recommended
becoming a changemaker introduction to social innovation,Recommended
design thinking for the greater good innovation in the social sector,Recommended
construction project management,Recommended
financial planning for young adults,Recommended
ecology ecosystem dynamics and conservation,Recommended
advanced valuation and strategy ma private equity and venture capital,Not recommended
english composition i,Not recommended
nutrition and lifestyle in pregnancy,Recommended
model thinking,Recommended
international security management,Recommended
international womens health and human rights,Recommended
anticorrupcin introduccin a conceptos y perspectiva prctica,Recommended
the truth about cats and dogs,Recommended
songwriting writing the lyrics,Recommended
digital transformation,Recommended
verb tenses and passives,Not recommended
sleep neurobiology medicine and society,Recommended
community organizing for social justice,Recommended
international migrations a global issue,Recommended
effective compliance programs,Recommended
introduction to user experience principles and processes,Recommended
designled strategy design thinking for business strategy and entrepreneurship,Not recommended
in the studio postwar abstract painting,Recommended
european business law understanding the fundamentals,Recommended
understanding and visualizing data with python,Recommended
race and cultural diversity in american life and history,Recommended
information systems auditing controls and assurance,Recommended
antibiotic stewardship,Not recommended
introduction to forensic science,Recommended
mathematics for machine learning multivariate calculus,Not recommended
engineering project management initiating and planning,Recommended
anatomy musculoskeletal and integumentary systems,Recommended
ibm customer engagement specialist professional certificate,Recommended
edivet do you have what it takes to be a veterinarian,Recommended
building containerized applications on aws,Recommended
summary statistics in public health,Recommended
discrete optimization,Recommended
human rights for open societies,Not recommended
mastering final cut pro,Recommended
programming languages part a,Recommended
enterprise architecture,Recommended
microeconomics principles,Recommended
finance for nonfinance professionals,Recommended
project execution,Not recommended
sports and society,Recommended
cursos en lnea modelo para armar,Recommended
the science of stem cells,Recommended
practical time series analysis,Not recommended
competencias laborales perfiles evaluacin y capacitacin,Not recommended
financial accounting fundamentals,Recommended
social impact strategy tools for entrepreneurs and innovators,Recommended
computational neuroscience,Recommended
innovation management,Recommended
introduction to genetics and evolution,Recommended
addiction treatment clinical skills for healthcare providers,Recommended
business model innovation,Recommended
leadership in st century organizations,Recommended
foundations for big data analysis with sql,Recommended
privacy law and data protection,Recommended
understanding child development from synapse to society,Not recommended
bayesian statistics techniques and models,Recommended
google cloud product fundamentals,Not recommended
entrepreneurship strategy from ideation to exit,Not recommended
ordered data structures,Recommended
international leadership and organizational behavior,Recommended
fundamentals of engineering exam review,Not recommended
essentials of global health,Recommended
making architecture,Recommended
beyond the sustainable development goals sdgs addressing sustainability and development,Recommended
introduction to intellectual property,Recommended
writing and editing word choice and word order,Recommended
lexcellence oprationnelle en pratique,Recommended
getting started with google sheets,Recommended
cost and economics in pricing strategy,Recommended
gender and sexuality diversity and inclusion in the workplace,Recommended
corporate commercial law i contracts employment law,Recommended
the introduction to quantum computing,Not recommended
fundamentals of finance,Not recommended
roman architecture,Recommended
leading transformations manage change,Recommended
understanding international relations theory,Not recommended
autodesk certified professional revit for architectural design exam prep,Not recommended
a crash course in causality inferring causal effects from observational data,Recommended
wine tasting sensory techniques for wine analysis,Not recommended
vlsi cad part i logic,Recommended
introduction to public speaking,Recommended
developing your musicianship,Recommended
emt foundations,Recommended
troubles du spectre de lautisme diagnostic,Recommended
introduction to business analytics communicating with data,Recommended
introduction to english common law,Recommended
advertising and society,Recommended
write your first novel,Not recommended
economics of money and banking,Recommended
embedded software and hardware architecture,Not recommended
les fondamentaux de la ngociation,Recommended
essentials in clinical simulations across the health professions,Recommended
write a feature length screenplay for film or television,Not recommended
social and economic networks models and analysis,Not recommended
challenging forensic science how science should speak to court,Recommended
introduction to economic theories,Not recommended
dveloppement psychologique de lenfant,Recommended
ai for medical prognosis,Recommended
everyday excel part,Recommended
cultural competence aboriginal sydney,Recommended
curanderismo traditional healing using plants,Not recommended
accounting data analytics with python,Not recommended
corporate sustainability understanding and seizing the strategic opportunity,Not recommended
sustainable fashion,Recommended
high stakes leadership leading in times of crisis,Recommended
leading healthcare quality and safety,Recommended
covid contact tracing for nursing professionals,Not recommended
the horse course introduction to basic care and management,Recommended
devops culture and mindset,Not recommended
refugees in the st century,Recommended
principles of sustainable finance,Recommended
fintech law and policy,Recommended
career your future job in medicine and healthcare,Not recommended
leading for equity diversity and inclusion in higher education,Recommended
the cycle management of successful arts and cultural organizations,Recommended
epigenetic control of gene expression,Not recommended
equine welfare and management,Recommended
build a modern computer from first principles nand to tetris part ii projectcentered course,Recommended
dentistry,Not recommended
